id,user_id,umkm_id,role,created_at
ROLE001,USR001,UMKM001,owner,2022-07-17 19:09:51
ROLE002,USR002,UMKM002,owner,2022-04-13 14:04:54
ROLE003,USR003,UMKM003,owner,2022-12-25 09:02:40
ROLE004,USR004,UMKM004,owner,2023-11-21 02:05:29
ROLE006,USR006,UMKM006,owner,2022-03-06 08:53:03
ROLE007,USR007,UMKM007,owner,2021-04-01 22:21:04
ROLE008,USR008,UMKM008,owner,2021-05-11 19:57:24
ROLE010,USR010,UMKM010,owner,2021-09-04 23:17:20
ROLE011,USR011,UMKM011,owner,2023-07-10 03:40:43
ROLE012,USR012,UMKM012,owner,2021-08-27 21:47:52
ROLE013,USR013,UMKM013,owner,2021-09-06 11:01:14
ROLE014,USR014,UMKM014,owner,2022-09-11 17:14:54
ROLE015,USR015,UMKM015,owner,2023-05-27 10:39:22
ROLE018,USR018,UMKM018,owner,2022-02-16 04:34:19
ROLE019,USR019,UMKM019,owner,2023-09-20 09:46:51
ROLE020,USR020,UMKM020,owner,2022-08-09 21:05:07
ROLE021,USR021,UMKM021,owner,2021-01-17 21:43:18
ROLE022,USR022,UMKM022,owner,2022-05-14 17:17:27
ROLE023,USR023,UMKM023,owner,2021-05-16 02:03:31
ROLE024,USR024,UMKM024,owner,2021-07-20 09:26:30
ROLE025,USR025,UMKM025,owner,2023-04-16 18:02:16
ROLE026,USR026,UMKM026,owner,2023-12-11 16:55:46
ROLE028,USR028,UMKM028,owner,2021-04-29 11:58:30
ROLE029,USR029,UMKM029,owner,2021-05-09 07:22:50
ROLE030,USR030,UMKM030,owner,2022-06-08 07:18:01
ROLE031,USR031,UMKM031,owner,2023-04-28 16:44:53
ROLE032,USR032,UMKM032,owner,2022-01-17 11:39:37
ROLE033,USR033,UMKM033,owner,2023-10-25 16:54:27
ROLE034,USR034,UMKM034,owner,2021-04-01 04:18:53
ROLE035,USR035,UMKM035,owner,2022-07-06 02:50:04
ROLE036,USR036,UMKM036,owner,2022-12-12 22:29:31
ROLE037,USR037,UMKM037,owner,2021-05-14 02:51:08
ROLE038,USR038,UMKM038,owner,2023-10-28 01:57:25
ROLE039,USR039,UMKM039,owner,2022-01-12 05:38:58
ROLE040,USR040,UMKM040,owner,2021-04-18 02:10:10
ROLE041,USR041,UMKM041,owner,2022-12-14 20:23:29
ROLE042,USR042,UMKM042,owner,2023-06-07 08:38:41
ROLE043,USR043,UMKM043,owner,2021-04-20 21:12:54
ROLE044,USR044,UMKM044,owner,2021-04-03 22:06:30
ROLE045,USR045,UMKM045,owner,2021-04-13 09:22:27
ROLE046,USR046,UMKM046,owner,2021-04-23 14:40:52
ROLE047,USR047,UMKM047,owner,2023-06-20 23:08:19
ROLE049,USR049,UMKM049,owner,2022-05-14 01:47:24
ROLE050,USR050,UMKM050,owner,2022-12-15 07:18:03
ROLE052,USR052,UMKM052,owner,2022-07-02 04:56:32
ROLE053,USR053,UMKM053,owner,2022-12-03 16:43:17
ROLE054,USR054,UMKM054,owner,2023-10-22 22:02:15
ROLE055,USR055,UMKM055,owner,2021-06-14 22:19:04
ROLE056,USR056,UMKM056,owner,2023-06-07 10:30:20
ROLE057,USR057,UMKM057,owner,2021-11-30 06:42:28
ROLE058,USR058,UMKM058,owner,2021-04-08 22:13:12
ROLE059,USR059,UMKM059,owner,2022-06-17 04:15:20
ROLE060,USR060,UMKM060,owner,2022-12-07 09:12:18
ROLE061,USR061,UMKM061,owner,2023-12-12 11:31:43
ROLE062,USR062,UMKM062,owner,2021-09-02 01:29:11
ROLE063,USR063,UMKM063,owner,2021-03-31 23:38:19
ROLE064,USR064,UMKM064,owner,2022-07-22 10:38:42
ROLE066,USR066,UMKM066,owner,2021-10-10 01:35:26
ROLE067,USR067,UMKM067,owner,2022-10-22 14:29:45
ROLE068,USR068,UMKM068,owner,2021-09-28 08:09:32
ROLE069,USR069,UMKM069,owner,2023-01-31 04:46:45
ROLE070,USR070,UMKM070,owner,2022-01-03 13:32:29
ROLE071,USR071,UMKM071,owner,2021-05-12 20:22:35
ROLE072,USR072,UMKM072,owner,2023-11-24 14:21:17
ROLE073,USR073,UMKM073,owner,2022-03-04 19:27:30
ROLE074,USR074,UMKM074,owner,2023-07-28 18:42:18
ROLE075,USR075,UMKM075,owner,2023-03-12 11:38:01
ROLE076,USR076,UMKM076,owner,2022-11-23 10:03:09
ROLE077,USR077,UMKM077,owner,2023-11-16 19:33:34
ROLE078,USR078,UMKM078,owner,2022-06-26 22:59:58
ROLE079,USR079,UMKM079,owner,2022-04-18 13:20:32
ROLE080,USR080,UMKM080,owner,2022-04-25 07:47:29
ROLE081,USR081,UMKM081,owner,2023-12-14 04:51:35
ROLE082,USR082,UMKM082,owner,2023-05-05 04:43:47
ROLE083,USR083,UMKM083,owner,2023-08-24 10:12:57
ROLE084,USR084,UMKM084,owner,2023-04-02 02:25:52
ROLE085,USR085,UMKM085,owner,2023-11-20 12:24:10
ROLE086,USR086,UMKM086,owner,2021-05-29 01:59:37
ROLE088,USR088,UMKM088,owner,2021-05-17 03:29:59
ROLE089,USR089,UMKM089,owner,2024-01-05 18:40:05
ROLE090,USR090,UMKM090,owner,2021-01-11 14:43:32
ROLE091,USR091,UMKM091,owner,2022-11-16 11:32:56
ROLE092,USR092,UMKM092,owner,2021-03-23 01:07:37
ROLE093,USR093,UMKM093,owner,2023-01-13 19:38:19
ROLE094,USR094,UMKM094,owner,2022-12-01 13:16:59
ROLE095,USR095,UMKM095,owner,2023-05-12 02:26:48
ROLE096,USR096,UMKM096,owner,2022-02-23 16:04:40
ROLE097,USR097,UMKM097,owner,2023-03-31 20:01:56
ROLE098,USR098,UMKM098,owner,2022-04-04 20:53:03
ROLE099,USR099,UMKM099,owner,2021-08-15 23:01:32
ROLE101,USR101,UMKM101,owner,2021-11-29 08:20:41
ROLE102,USR102,UMKM102,owner,2023-12-19 11:20:35
ROLE103,USR103,UMKM103,owner,2021-02-07 04:26:18
ROLE104,USR104,UMKM104,owner,2022-11-07 22:33:44
ROLE105,USR105,UMKM105,owner,2022-01-06 14:56:42
ROLE107,USR107,UMKM107,owner,2021-08-16 07:02:32
ROLE108,USR108,UMKM108,owner,2023-10-30 22:41:21
ROLE109,USR109,UMKM109,owner,2021-11-01 07:49:57
ROLE110,USR110,UMKM110,owner,2022-06-19 07:49:56
ROLE111,USR111,UMKM111,owner,2022-11-10 21:23:33
ROLE112,USR112,UMKM112,owner,2021-04-06 22:05:31
ROLE113,USR113,UMKM113,owner,2023-10-22 11:34:29
ROLE114,USR114,UMKM114,owner,2021-02-09 16:43:19
ROLE115,USR115,UMKM115,owner,2023-06-26 02:48:35
ROLE116,USR116,UMKM116,owner,2021-10-16 15:43:57
ROLE117,USR117,UMKM117,owner,2021-10-07 09:52:54
ROLE118,USR118,UMKM118,owner,2023-06-23 11:39:28
ROLE119,USR119,UMKM119,owner,2021-11-07 02:52:12
ROLE120,USR120,UMKM120,owner,2024-01-14 01:36:20
ROLE121,USR121,UMKM121,owner,2023-06-03 04:05:41
ROLE122,USR122,UMKM122,owner,2021-05-03 03:11:36
ROLE123,USR123,UMKM123,owner,2021-06-20 23:30:27
ROLE124,USR124,UMKM124,owner,2021-09-16 16:13:24
ROLE125,USR125,UMKM125,owner,2023-09-14 18:53:36
ROLE126,USR126,UMKM126,owner,2023-07-14 09:56:17
ROLE127,USR127,UMKM127,owner,2022-03-11 07:53:55
ROLE128,USR128,UMKM128,owner,2023-11-16 00:17:18
ROLE129,USR129,UMKM129,owner,2023-02-05 09:27:44
ROLE130,USR130,UMKM130,owner,2023-08-12 02:16:10
ROLE131,USR131,UMKM131,owner,2021-11-15 19:41:59
ROLE132,USR132,UMKM132,owner,2022-01-29 08:50:32
ROLE133,USR133,UMKM133,owner,2021-02-06 19:35:31
ROLE134,USR134,UMKM134,owner,2023-11-23 11:02:25
ROLE135,USR135,UMKM135,owner,2023-05-23 00:45:10
ROLE136,USR136,UMKM136,owner,2022-01-24 03:07:52
ROLE137,USR137,UMKM137,owner,2023-12-30 04:07:44
ROLE138,USR138,UMKM138,owner,2023-07-29 22:01:34
ROLE139,USR139,UMKM139,owner,2021-10-30 14:00:40
ROLE141,USR141,UMKM141,owner,2021-08-07 04:55:26
ROLE142,USR142,UMKM142,owner,2023-06-18 19:36:55
ROLE143,USR143,UMKM143,owner,2021-04-09 20:24:46
ROLE144,USR144,UMKM144,owner,2022-09-20 11:45:22
ROLE145,USR145,UMKM145,owner,2021-08-24 19:18:20
ROLE146,USR146,UMKM146,owner,2021-07-11 01:02:39
ROLE147,USR147,UMKM147,owner,2022-01-03 14:27:34
ROLE148,USR148,UMKM148,owner,2023-07-06 06:26:26
ROLE149,USR149,UMKM149,owner,2021-06-23 04:32:44
ROLE150,USR150,UMKM150,owner,2021-05-16 03:15:17
ROLE151,USR151,UMKM151,owner,2022-10-11 14:52:20
ROLE152,USR152,UMKM152,owner,2022-04-11 13:59:43
ROLE153,USR153,UMKM153,owner,2022-01-26 14:52:12
ROLE154,USR154,UMKM154,owner,2021-11-17 07:53:05
ROLE155,USR155,UMKM155,owner,2022-03-18 15:45:46
ROLE156,USR156,UMKM156,owner,2023-07-21 09:33:58
ROLE157,USR157,UMKM157,owner,2023-01-24 03:07:36
ROLE158,USR158,UMKM158,owner,2023-05-12 20:44:18
ROLE159,USR159,UMKM159,owner,2022-06-14 17:50:10
ROLE160,USR160,UMKM160,owner,2023-06-21 13:40:37
ROLE161,USR161,UMKM161,owner,2022-03-03 16:48:57
ROLE162,USR162,UMKM162,owner,2023-10-20 02:55:03
ROLE163,USR163,UMKM163,owner,2023-09-19 02:37:22
ROLE164,USR164,UMKM164,owner,2022-06-07 19:18:15
ROLE165,USR165,UMKM165,owner,2023-12-17 14:07:44
ROLE166,USR166,UMKM166,owner,2023-05-12 14:02:17
ROLE167,USR167,UMKM167,owner,2022-09-25 21:24:17
ROLE168,USR168,UMKM168,owner,2023-04-27 22:02:19
ROLE169,USR169,UMKM169,owner,2023-03-11 09:12:11
ROLE170,USR170,UMKM170,owner,2021-07-29 12:50:37
ROLE171,USR171,UMKM171,owner,2021-02-17 21:09:50
ROLE174,USR174,UMKM174,owner,2022-04-27 10:00:15
ROLE176,USR176,UMKM176,owner,2023-07-29 03:10:59
ROLE177,USR177,UMKM177,owner,2022-10-20 14:18:29
ROLE178,USR178,UMKM178,owner,2022-04-13 09:05:05
ROLE179,USR179,UMKM179,owner,2023-02-28 16:04:54
ROLE180,USR180,UMKM180,owner,2023-06-07 09:16:21
ROLE181,USR181,UMKM181,owner,2021-11-08 01:48:12
ROLE183,USR183,UMKM183,owner,2022-08-29 05:45:38
ROLE184,USR184,UMKM184,owner,2021-09-24 07:04:50
ROLE185,USR185,UMKM185,owner,2022-06-14 17:51:34
ROLE186,USR186,UMKM186,owner,2022-12-23 19:38:48
ROLE187,USR187,UMKM187,owner,2021-09-07 19:50:12
ROLE188,USR188,UMKM188,owner,2023-12-18 02:27:57
ROLE189,USR189,UMKM189,owner,2023-04-19 23:48:54
ROLE190,USR190,UMKM190,owner,2023-02-16 00:23:02
ROLE191,USR191,UMKM191,owner,2023-12-30 04:48:55
ROLE192,USR192,UMKM192,owner,2021-06-21 22:45:32
ROLE193,USR193,UMKM193,owner,2023-12-21 03:12:19
ROLE194,USR194,UMKM194,owner,2022-04-16 17:49:36
ROLE195,USR195,UMKM195,owner,2023-06-03 04:12:38
ROLE196,USR196,UMKM196,owner,2022-09-06 06:27:06
ROLE197,USR197,UMKM197,owner,2022-01-20 16:52:45
ROLE198,USR198,UMKM198,owner,2022-12-26 18:51:54
ROLE199,USR199,UMKM199,owner,2022-07-17 20:29:12
ROLE200,USR200,UMKM200,owner,2022-12-17 17:04:24
ROLE201,USR201,UMKM201,owner,2021-07-07 16:49:19
ROLE202,USR202,UMKM202,owner,2024-01-01 07:51:49
ROLE203,USR203,UMKM203,owner,2023-06-02 03:39:46
ROLE204,USR204,UMKM204,owner,2023-08-03 01:15:21
ROLE205,USR205,UMKM205,owner,2022-01-11 12:21:07
ROLE206,USR206,UMKM206,owner,2022-02-22 08:23:39
ROLE207,USR207,UMKM207,owner,2021-08-15 12:20:58
ROLE208,USR208,UMKM208,owner,2022-11-26 19:11:47
ROLE209,USR209,UMKM209,owner,2022-04-25 10:59:54
ROLE210,USR210,UMKM210,owner,2023-05-13 22:38:43
ROLE211,USR211,UMKM211,owner,2021-10-12 14:48:38
ROLE212,USR212,UMKM212,owner,2022-04-10 12:28:14
ROLE213,USR213,UMKM213,owner,2021-05-21 23:35:49
ROLE214,USR214,UMKM214,owner,2023-12-04 16:36:11
ROLE215,USR215,UMKM215,owner,2022-09-16 23:31:21
ROLE216,USR216,UMKM216,owner,2023-11-22 11:26:54
ROLE217,USR217,UMKM217,owner,2021-07-11 08:09:07
ROLE218,USR218,UMKM218,owner,2023-08-30 17:55:46
ROLE219,USR219,UMKM219,owner,2024-01-04 02:57:04
ROLE220,USR220,UMKM220,owner,2021-03-05 20:13:07
ROLE221,USR221,UMKM221,owner,2023-05-13 01:46:24
ROLE222,USR222,UMKM222,owner,2024-01-11 23:11:18
ROLE223,USR223,UMKM223,owner,2022-10-25 12:05:58
ROLE224,USR224,UMKM224,owner,2022-04-10 14:18:06
ROLE225,USR225,UMKM225,owner,2022-02-01 19:20:01
ROLE227,USR227,UMKM227,owner,2023-01-05 09:21:32
ROLE228,USR228,UMKM228,owner,2021-02-19 04:49:49
ROLE229,USR229,UMKM229,owner,2023-06-22 01:06:33
ROLE230,USR230,UMKM230,owner,2021-12-06 11:43:59
ROLE231,USR231,UMKM231,owner,2023-08-04 20:11:21
ROLE232,USR232,UMKM232,owner,2023-04-29 05:24:31
ROLE233,USR233,UMKM233,owner,2021-08-03 18:45:50
ROLE234,USR234,UMKM234,owner,2021-02-06 13:04:41
ROLE235,USR235,UMKM235,owner,2021-07-04 13:25:11
ROLE236,USR236,UMKM236,owner,2023-08-09 06:05:24
ROLE237,USR237,UMKM237,owner,2023-10-27 14:05:13
ROLE238,USR238,UMKM238,owner,2023-01-31 02:36:23
ROLE240,USR240,UMKM240,owner,2021-07-21 01:45:48
ROLE241,USR241,UMKM241,owner,2022-08-26 17:31:42
ROLE242,USR242,UMKM242,owner,2021-06-14 01:44:27
ROLE243,USR243,UMKM243,owner,2023-06-05 11:59:01
ROLE244,USR244,UMKM244,owner,2022-10-31 20:19:17
ROLE245,USR245,UMKM245,owner,2022-05-11 13:08:49
ROLE246,USR246,UMKM246,owner,2023-12-14 22:33:38
ROLE247,USR247,UMKM247,owner,2022-11-12 22:10:25
ROLE248,USR248,UMKM248,owner,2021-04-25 05:11:10
ROLE249,USR249,UMKM249,owner,2022-10-17 05:03:21
ROLE250,USR250,UMKM250,owner,2021-03-25 22:37:55
ROLE251,USR251,UMKM251,owner,2023-03-20 06:02:39
ROLE254,USR254,UMKM254,owner,2023-08-27 19:46:36
ROLE255,USR255,UMKM255,owner,2023-11-12 22:24:32
ROLE256,USR256,UMKM256,owner,2022-05-16 23:51:02
ROLE258,USR258,UMKM258,owner,2021-05-24 13:50:27
ROLE259,USR259,UMKM259,owner,2021-09-08 13:07:35
ROLE260,USR260,UMKM260,owner,2023-07-28 05:48:00
ROLE261,USR261,UMKM261,owner,2021-03-30 08:00:48
ROLE262,USR262,UMKM262,owner,2023-08-15 01:45:02
ROLE263,USR263,UMKM263,owner,2022-07-14 05:39:36
ROLE264,USR264,UMKM264,owner,2023-04-14 13:57:38
ROLE265,USR265,UMKM265,owner,2021-04-26 02:32:10
ROLE266,USR266,UMKM266,owner,2022-02-08 22:35:27
ROLE267,USR267,UMKM267,owner,2021-08-11 16:25:31
ROLE269,USR269,UMKM269,owner,2022-12-08 15:28:43
ROLE270,USR270,UMKM270,owner,2022-11-22 21:11:41
ROLE271,USR271,UMKM271,owner,2022-10-02 05:12:56
ROLE273,USR273,UMKM273,owner,2021-07-12 10:57:49
ROLE275,USR275,UMKM275,owner,2023-03-21 01:07:46
ROLE276,USR276,UMKM276,owner,2022-07-02 18:13:14
ROLE277,USR277,UMKM277,owner,2022-01-16 00:52:28
ROLE278,USR278,UMKM278,owner,2023-11-03 07:32:50
ROLE279,USR279,UMKM279,owner,2023-06-23 18:03:55
ROLE280,USR280,UMKM280,owner,2023-10-08 20:51:22
ROLE281,USR281,UMKM281,owner,2022-06-02 03:12:44
ROLE282,USR282,UMKM282,owner,2022-03-24 17:34:35
ROLE283,USR283,UMKM283,owner,2023-01-01 01:21:12
ROLE284,USR284,UMKM284,owner,2021-06-15 07:13:51
ROLE285,USR285,UMKM285,owner,2021-03-27 18:26:15
ROLE287,USR287,UMKM287,owner,2022-06-21 12:43:17
ROLE288,USR288,UMKM288,owner,2022-12-03 01:25:40
ROLE289,USR289,UMKM289,owner,2022-03-31 11:49:13
ROLE290,USR290,UMKM290,owner,2023-09-30 01:55:22
ROLE291,USR291,UMKM291,owner,2022-08-28 12:18:29
ROLE292,USR292,UMKM292,owner,2023-08-20 07:14:53
ROLE293,USR293,UMKM293,owner,2022-07-05 10:41:51
ROLE294,USR294,UMKM294,owner,2023-08-12 09:25:41
ROLE295,USR295,UMKM295,owner,2022-05-30 06:35:36
ROLE296,USR296,UMKM296,owner,2023-12-12 18:59:08
ROLE297,USR297,UMKM297,owner,2022-07-30 02:26:45
ROLE299,USR299,UMKM299,owner,2021-07-03 03:14:03
ROLE300,USR300,UMKM300,owner,2021-03-19 16:19:42
ROLE301,USR301,UMKM301,owner,2022-08-16 06:08:05
ROLE302,USR302,UMKM302,owner,2021-09-20 04:01:50
ROLE303,USR303,UMKM303,owner,2022-01-09 23:48:03
ROLE304,USR304,UMKM304,owner,2022-12-15 09:58:51
ROLE305,USR305,UMKM305,owner,2023-01-02 14:33:08
ROLE306,USR306,UMKM306,owner,2022-11-26 10:52:42
ROLE309,USR309,UMKM309,owner,2021-07-04 09:49:20
ROLE310,USR310,UMKM310,owner,2021-09-26 01:07:37
ROLE312,USR312,UMKM312,owner,2021-03-01 10:43:12
ROLE313,USR313,UMKM313,owner,2021-06-02 18:34:16
ROLE314,USR314,UMKM314,owner,2023-10-23 17:00:26
ROLE315,USR315,UMKM315,owner,2023-01-26 22:46:47
ROLE317,USR317,UMKM317,owner,2023-05-11 13:51:18
ROLE318,USR318,UMKM318,owner,2022-04-03 13:53:19
ROLE319,USR319,UMKM319,owner,2023-08-30 12:25:39
ROLE320,USR320,UMKM320,owner,2023-05-05 17:35:01
ROLE321,USR321,UMKM321,owner,2022-04-16 11:49:24
ROLE322,USR322,UMKM322,owner,2023-11-12 01:50:26
ROLE323,USR323,UMKM323,owner,2023-04-03 05:07:03
ROLE324,USR324,UMKM324,owner,2022-09-15 13:17:12
ROLE327,USR327,UMKM327,owner,2021-08-04 06:44:12
ROLE328,USR328,UMKM328,owner,2023-12-21 15:17:58
ROLE329,USR329,UMKM329,owner,2021-08-09 11:45:07
ROLE330,USR330,UMKM330,owner,2021-11-20 04:33:25
ROLE331,USR331,UMKM331,owner,2022-05-13 16:41:00
ROLE332,USR332,UMKM332,owner,2021-03-25 22:00:16
ROLE333,USR333,UMKM333,owner,2021-03-20 06:55:48
ROLE334,USR334,UMKM334,owner,2022-11-18 19:21:41
ROLE335,USR335,UMKM335,owner,2022-06-28 16:13:05
ROLE336,USR336,UMKM336,owner,2023-04-02 16:03:25
ROLE337,USR337,UMKM337,owner,2023-08-22 21:55:12
ROLE338,USR338,UMKM338,owner,2022-06-22 10:05:24
ROLE339,USR339,UMKM339,owner,2021-09-17 21:13:02
ROLE340,USR340,UMKM340,owner,2022-07-28 16:29:49
ROLE341,USR341,UMKM341,owner,2021-04-17 03:17:49
ROLE342,USR342,UMKM342,owner,2023-11-23 10:51:48
ROLE343,USR343,UMKM343,owner,2022-11-13 16:29:01
ROLE344,USR344,UMKM344,owner,2022-07-22 14:01:08
ROLE346,USR346,UMKM346,owner,2022-08-12 01:41:08
ROLE347,USR347,UMKM347,owner,2021-02-26 06:42:09
ROLE348,USR348,UMKM348,owner,2021-07-12 22:39:53
ROLE349,USR349,UMKM349,owner,2023-09-07 13:03:05
ROLE350,USR350,UMKM350,owner,2021-08-16 20:32:19
ROLE351,USR351,UMKM351,owner,2021-06-14 09:56:33
ROLE352,USR352,UMKM352,owner,2022-07-23 17:52:13
ROLE354,USR354,UMKM354,owner,2022-07-24 13:45:19
ROLE355,USR355,UMKM355,owner,2022-01-29 18:58:52
ROLE358,USR358,UMKM358,owner,2022-10-06 04:30:07
ROLE360,USR360,UMKM360,owner,2021-08-13 08:39:39
ROLE363,USR363,UMKM363,owner,2021-12-20 06:17:29
ROLE364,USR364,UMKM364,owner,2021-05-28 12:14:37
ROLE365,USR365,UMKM365,owner,2023-09-05 23:05:21
ROLE366,USR366,UMKM366,owner,2023-07-20 08:29:04
ROLE367,USR367,UMKM367,owner,2023-08-11 02:03:49
ROLE368,USR368,UMKM368,owner,2021-02-28 02:01:25
ROLE369,USR369,UMKM369,owner,2023-10-23 12:00:06
ROLE370,USR370,UMKM370,owner,2023-02-16 16:54:16
ROLE371,USR371,UMKM371,owner,2023-02-11 06:24:16
ROLE372,USR372,UMKM372,owner,2021-05-12 08:38:53
ROLE373,USR373,UMKM373,owner,2021-11-17 22:39:45
ROLE374,USR374,UMKM374,owner,2022-06-30 12:20:51
ROLE375,USR375,UMKM375,owner,2021-07-03 23:11:26
ROLE376,USR376,UMKM376,owner,2021-08-30 21:07:56
ROLE377,USR377,UMKM377,owner,2022-10-14 14:01:35
ROLE378,USR378,UMKM378,owner,2023-07-12 09:59:01
ROLE379,USR379,UMKM379,owner,2023-03-14 14:56:58
ROLE381,USR381,UMKM381,owner,2021-04-12 12:17:58
ROLE383,USR383,UMKM383,owner,2022-02-20 20:31:51
ROLE384,USR384,UMKM384,owner,2021-04-03 11:20:48
ROLE385,USR385,UMKM385,owner,2022-09-09 04:15:41
ROLE386,USR386,UMKM386,owner,2023-09-26 04:54:48
ROLE387,USR387,UMKM387,owner,2022-09-01 18:16:32
ROLE388,USR388,UMKM388,owner,2021-08-20 03:13:37
ROLE389,USR389,UMKM389,owner,2021-03-14 10:56:04
ROLE390,USR390,UMKM390,owner,2021-09-03 09:41:37
ROLE391,USR391,UMKM391,owner,2022-05-18 19:43:37
ROLE392,USR392,UMKM392,owner,2023-07-22 08:09:34
ROLE393,USR393,UMKM393,owner,2023-06-07 11:48:15
ROLE394,USR394,UMKM394,owner,2022-11-02 02:33:48
ROLE395,USR395,UMKM395,owner,2023-09-23 12:54:52
ROLE397,USR397,UMKM397,owner,2023-03-29 09:24:52
ROLE400,USR400,UMKM400,owner,2023-08-17 22:05:15
ROLE401,USR401,UMKM401,owner,2021-08-31 12:19:17
ROLE402,USR402,UMKM402,owner,2023-04-09 08:12:29
ROLE404,USR404,UMKM404,owner,2023-09-29 08:20:05
ROLE406,USR406,UMKM406,owner,2022-05-08 08:42:30
ROLE407,USR407,UMKM407,owner,2022-05-24 13:06:08
ROLE408,USR408,UMKM408,owner,2022-03-14 20:09:09
ROLE409,USR409,UMKM409,owner,2022-09-21 21:56:09
ROLE410,USR410,UMKM410,owner,2021-04-03 08:54:08
ROLE412,USR412,UMKM412,owner,2022-03-05 05:02:37
ROLE414,USR414,UMKM414,owner,2023-09-29 00:18:51
ROLE415,USR415,UMKM415,owner,2021-06-23 04:38:08
ROLE416,USR416,UMKM416,owner,2021-09-15 08:58:12
ROLE418,USR418,UMKM418,owner,2021-04-22 22:09:27
ROLE419,USR419,UMKM419,owner,2021-03-29 23:01:45
ROLE421,USR421,UMKM421,owner,2022-04-09 16:12:39
ROLE422,USR422,UMKM422,owner,2022-06-07 11:47:31
ROLE423,USR423,UMKM423,owner,2021-08-24 12:05:11
ROLE425,USR425,UMKM425,owner,2021-02-09 21:33:48
ROLE426,USR426,UMKM426,owner,2021-11-01 01:38:29
ROLE427,USR427,UMKM427,owner,2022-11-23 10:52:58
ROLE428,USR428,UMKM428,owner,2021-08-30 10:28:26
ROLE429,USR429,UMKM429,owner,2022-01-02 21:12:07
ROLE430,USR430,UMKM430,owner,2023-06-24 23:02:56
ROLE431,USR431,UMKM431,owner,2023-11-26 09:01:15
ROLE432,USR432,UMKM432,owner,2024-01-16 22:34:26
ROLE433,USR433,UMKM433,owner,2022-04-12 07:55:56
ROLE434,USR434,UMKM434,owner,2021-09-14 23:27:18
ROLE435,USR435,UMKM435,owner,2023-05-22 05:35:47
ROLE436,USR436,UMKM436,owner,2022-01-02 07:38:31
ROLE437,USR437,UMKM437,owner,2021-06-02 04:57:46
ROLE438,USR438,UMKM438,owner,2023-06-15 10:19:04
ROLE439,USR439,UMKM439,owner,2023-07-08 16:36:57
ROLE440,USR440,UMKM440,owner,2021-07-12 14:04:31
ROLE442,USR442,UMKM442,owner,2022-12-30 15:18:53
ROLE443,USR443,UMKM443,owner,2021-02-10 20:12:41
ROLE444,USR444,UMKM444,owner,2021-03-31 08:49:34
ROLE445,USR445,UMKM445,owner,2021-05-06 05:42:12
ROLE446,USR446,UMKM446,owner,2021-08-21 09:41:14
ROLE447,USR447,UMKM447,owner,2022-08-19 17:32:53
ROLE448,USR448,UMKM448,owner,2022-08-30 13:31:50
ROLE449,USR449,UMKM449,owner,2023-11-07 05:37:01
ROLE452,USR452,UMKM452,owner,2022-01-09 18:36:49
ROLE453,USR453,UMKM453,owner,2021-06-30 08:03:11
ROLE455,USR455,UMKM455,owner,2023-07-23 15:43:10
ROLE456,USR456,UMKM456,owner,2022-10-06 22:28:21
ROLE457,USR457,UMKM457,owner,2021-04-22 17:12:10
ROLE459,USR459,UMKM459,owner,2022-01-05 01:11:21
ROLE460,USR460,UMKM460,owner,2022-10-28 11:33:31
ROLE461,USR461,UMKM461,owner,2021-10-23 01:39:18
ROLE462,USR462,UMKM462,owner,2022-06-25 01:09:55
ROLE463,USR463,UMKM463,owner,2024-01-16 16:43:32
ROLE464,USR464,UMKM464,owner,2023-05-03 16:21:09
ROLE466,USR466,UMKM466,owner,2022-10-11 00:58:19
ROLE467,USR467,UMKM467,owner,2022-05-31 01:26:48
ROLE469,USR469,UMKM469,owner,2023-08-22 19:22:44
ROLE471,USR471,UMKM471,owner,2022-05-06 00:06:07
ROLE473,USR473,UMKM473,owner,2023-08-05 21:49:20
ROLE475,USR475,UMKM475,owner,2022-07-17 16:58:23
ROLE476,USR476,UMKM476,owner,2023-01-16 08:12:17
ROLE477,USR477,UMKM477,owner,2022-10-09 01:08:07
ROLE478,USR478,UMKM478,owner,2022-02-23 02:37:48
ROLE479,USR479,UMKM479,owner,2021-09-20 18:41:33
ROLE480,USR480,UMKM480,owner,2023-03-15 15:27:30
ROLE481,USR481,UMKM481,owner,2023-02-13 01:49:53
ROLE484,USR484,UMKM484,owner,2021-05-06 11:18:18
ROLE486,USR486,UMKM486,owner,2022-12-23 10:09:20
ROLE487,USR487,UMKM487,owner,2023-02-01 15:14:23
ROLE488,USR488,UMKM488,owner,2021-02-17 23:40:45
ROLE489,USR489,UMKM489,owner,2023-03-17 04:25:14
ROLE490,USR490,UMKM490,owner,2021-10-29 11:39:08
ROLE492,USR492,UMKM492,owner,2021-05-26 18:50:03
ROLE494,USR494,UMKM494,owner,2023-10-08 14:40:16
ROLE495,USR495,UMKM495,owner,2021-04-09 04:14:59
ROLE496,USR496,UMKM496,owner,2023-10-18 20:28:04
ROLE497,USR497,UMKM497,owner,2023-04-28 11:15:05
ROLE498,USR498,UMKM498,owner,2023-06-18 11:51:40
ROLE499,USR499,UMKM499,owner,2022-04-03 13:38:48
ROLE500,USR500,UMKM500,owner,2022-05-11 13:25:21
ROLE501,USR501,UMKM501,owner,2022-09-12 17:54:06
ROLE502,USR502,UMKM502,owner,2022-09-20 13:30:35
ROLE503,USR503,UMKM503,owner,2021-08-14 09:51:10
ROLE504,USR504,UMKM504,owner,2022-07-04 07:00:36
ROLE505,USR505,UMKM505,owner,2023-08-02 02:41:33
ROLE507,USR507,UMKM507,owner,2022-01-13 10:18:56
ROLE508,USR508,UMKM508,owner,2023-07-17 04:00:27
ROLE509,USR509,UMKM509,owner,2022-01-28 21:06:49
ROLE510,USR510,UMKM510,owner,2023-09-28 17:59:16
ROLE511,USR511,UMKM511,owner,2021-01-30 02:36:30
ROLE513,USR513,UMKM513,owner,2022-10-17 21:45:22
ROLE514,USR514,UMKM514,owner,2022-06-16 23:41:21
ROLE515,USR515,UMKM515,owner,2021-05-26 14:07:36
ROLE517,USR517,UMKM517,owner,2022-04-26 19:18:14
ROLE518,USR518,UMKM518,owner,2022-11-08 04:11:59
ROLE519,USR519,UMKM519,owner,2022-02-06 01:38:38
ROLE520,USR520,UMKM520,owner,2021-07-05 04:49:08
ROLE521,USR521,UMKM521,owner,2023-09-05 10:58:26
ROLE522,USR522,UMKM522,owner,2023-10-26 08:37:47
ROLE523,USR523,UMKM523,owner,2023-12-22 02:31:32
ROLE524,USR524,UMKM524,owner,2022-06-05 19:00:52
ROLE525,USR525,UMKM525,owner,2022-02-07 14:43:58
ROLE526,USR526,UMKM526,owner,2021-07-15 22:16:44
ROLE527,USR527,UMKM527,owner,2023-12-21 00:59:20
ROLE529,USR529,UMKM529,owner,2022-10-21 14:16:14
ROLE530,USR530,UMKM530,owner,2023-11-01 05:38:07
ROLE531,USR531,UMKM531,owner,2023-07-21 21:10:23
ROLE532,USR532,UMKM532,owner,2023-12-17 13:09:32
ROLE533,USR533,UMKM533,owner,2023-05-02 01:25:21
ROLE534,USR534,UMKM534,owner,2023-11-08 13:57:58
ROLE535,USR535,UMKM535,owner,2023-10-05 00:47:22
ROLE536,USR536,UMKM536,owner,2022-11-24 17:08:45
ROLE537,USR537,UMKM537,owner,2023-06-05 19:44:08
ROLE538,USR538,UMKM538,owner,2022-12-26 09:05:51
ROLE539,USR539,UMKM539,owner,2021-03-08 04:12:43
ROLE540,USR540,UMKM540,owner,2021-07-29 08:16:42
ROLE541,USR541,UMKM541,owner,2022-12-26 08:36:51
ROLE542,USR542,UMKM542,owner,2022-12-04 16:49:36
ROLE543,USR543,UMKM543,owner,2021-07-13 19:33:23
ROLE544,USR544,UMKM544,owner,2021-10-08 08:12:52
ROLE545,USR545,UMKM545,owner,2021-10-03 18:56:31
ROLE546,USR546,UMKM546,owner,2022-09-28 05:58:46
ROLE547,USR547,UMKM547,owner,2021-03-11 09:03:00
ROLE548,USR548,UMKM548,owner,2022-09-23 01:25:55
ROLE549,USR549,UMKM549,owner,2021-04-26 04:33:44
ROLE550,USR550,UMKM550,owner,2022-06-16 10:13:54
ROLE551,USR551,UMKM551,owner,2023-04-17 19:37:30
ROLE552,USR552,UMKM552,owner,2023-07-27 21:49:19
ROLE555,USR555,UMKM555,owner,2022-08-08 22:08:32
ROLE556,USR556,UMKM556,owner,2023-07-04 22:20:21
ROLE557,USR557,UMKM557,owner,2023-10-04 09:13:23
ROLE559,USR559,UMKM559,owner,2022-07-17 18:41:01
ROLE560,USR560,UMKM560,owner,2023-06-11 10:05:50
ROLE562,USR562,UMKM562,owner,2021-12-11 14:54:09
ROLE563,USR563,UMKM563,owner,2022-12-14 10:31:37
ROLE564,USR564,UMKM564,owner,2021-07-11 21:10:42
ROLE565,USR565,UMKM565,owner,2022-08-17 21:35:53
ROLE566,USR566,UMKM566,owner,2023-05-22 17:42:35
ROLE567,USR567,UMKM567,owner,2022-01-27 13:33:52
ROLE568,USR568,UMKM568,owner,2021-05-29 03:06:41
ROLE569,USR569,UMKM569,owner,2021-12-22 01:25:30
ROLE570,USR570,UMKM570,owner,2023-09-06 00:54:32
ROLE571,USR571,UMKM571,owner,2021-12-05 11:48:01
ROLE573,USR573,UMKM573,owner,2022-02-28 07:25:18
ROLE574,USR574,UMKM574,owner,2021-06-16 23:02:05
ROLE575,USR575,UMKM575,owner,2022-03-16 20:02:14
ROLE576,USR576,UMKM576,owner,2021-09-12 04:22:02
ROLE578,USR578,UMKM578,owner,2022-08-28 20:13:17
ROLE579,USR579,UMKM579,owner,2022-10-15 19:54:55
ROLE580,USR580,UMKM580,owner,2022-12-11 08:29:56
ROLE581,USR581,UMKM581,owner,2021-06-03 16:58:21
ROLE583,USR583,UMKM583,owner,2021-12-17 02:52:42
ROLE584,USR584,UMKM584,owner,2023-06-22 19:16:40
ROLE586,USR586,UMKM586,owner,2022-12-17 22:50:00
ROLE587,USR587,UMKM587,owner,2021-01-13 01:31:01
ROLE588,USR588,UMKM588,owner,2023-10-29 18:25:07
ROLE589,USR589,UMKM589,owner,2023-10-21 21:08:29
ROLE590,USR590,UMKM590,owner,2021-10-10 04:02:20
ROLE591,USR591,UMKM591,owner,2022-01-05 18:30:54
ROLE593,USR593,UMKM593,owner,2021-02-06 13:13:39
ROLE594,USR594,UMKM594,owner,2023-12-27 03:26:04
ROLE595,USR595,UMKM595,owner,2021-07-06 03:41:42
ROLE596,USR596,UMKM596,owner,2021-07-27 20:06:04
ROLE597,USR597,UMKM597,owner,2021-01-22 04:06:40
ROLE598,USR598,UMKM598,owner,2023-09-05 16:41:15
ROLE599,USR599,UMKM599,owner,2021-12-17 12:16:07
ROLE600,USR600,UMKM600,owner,2022-09-17 14:23:50
ROLE601,USR601,UMKM601,owner,2022-03-28 06:09:09
ROLE602,USR602,UMKM602,owner,2023-08-08 21:25:45
ROLE604,USR604,UMKM604,owner,2022-09-16 13:49:11
ROLE605,USR605,UMKM605,owner,2022-01-30 19:44:55
ROLE607,USR607,UMKM607,owner,2021-08-18 01:07:42
ROLE608,USR608,UMKM608,owner,2023-12-03 22:26:30
ROLE609,USR609,UMKM609,owner,2021-02-06 22:51:33
ROLE610,USR610,UMKM610,owner,2021-04-30 22:54:32
ROLE612,USR612,UMKM612,owner,2023-04-30 12:52:10
ROLE613,USR613,UMKM613,owner,2023-03-24 07:02:14
ROLE615,USR615,UMKM615,owner,2021-04-29 17:28:56
ROLE616,USR616,UMKM616,owner,2021-04-12 23:00:24
ROLE617,USR617,UMKM617,owner,2023-08-16 19:17:02
ROLE618,USR618,UMKM618,owner,2021-07-27 13:36:29
ROLE619,USR619,UMKM619,owner,2022-07-17 14:13:14
ROLE620,USR620,UMKM620,owner,2022-08-27 16:35:50
ROLE621,USR621,UMKM621,owner,2021-07-17 10:11:24
ROLE622,USR622,UMKM622,owner,2023-03-30 19:25:02
ROLE623,USR623,UMKM623,owner,2023-03-05 18:20:19
ROLE624,USR624,UMKM624,owner,2021-10-06 06:18:21
ROLE625,USR625,UMKM625,owner,2023-11-22 05:34:52
ROLE627,USR627,UMKM627,owner,2021-10-22 00:27:49
ROLE628,USR628,UMKM628,owner,2023-11-06 14:25:26
ROLE629,USR629,UMKM629,owner,2022-05-16 00:16:47
ROLE630,USR630,UMKM630,owner,2023-12-08 23:49:07
ROLE631,USR631,UMKM631,owner,2021-03-16 08:58:31
ROLE632,USR632,UMKM632,owner,2022-05-17 15:42:09
ROLE634,USR634,UMKM634,owner,2022-08-06 02:27:09
ROLE635,USR635,UMKM635,owner,2023-05-27 01:31:19
ROLE636,USR636,UMKM636,owner,2021-02-18 04:26:20
ROLE637,USR637,UMKM637,owner,2021-01-17 21:56:14
ROLE638,USR638,UMKM638,owner,2022-05-08 17:38:39
ROLE639,USR639,UMKM639,owner,2021-04-17 01:11:00
ROLE641,USR641,UMKM641,owner,2022-12-28 04:49:14
ROLE642,USR642,UMKM642,owner,2023-10-07 21:25:20
ROLE643,USR643,UMKM643,owner,2023-11-06 02:01:58
ROLE644,USR644,UMKM644,owner,2022-10-03 10:27:14
ROLE645,USR645,UMKM645,owner,2022-01-18 21:39:28
ROLE646,USR646,UMKM646,owner,2021-07-16 07:19:06
ROLE647,USR647,UMKM647,owner,2021-08-05 14:10:30
ROLE649,USR649,UMKM649,owner,2022-05-10 14:08:23
ROLE650,USR650,UMKM650,owner,2022-05-29 05:10:00
ROLE651,USR651,UMKM651,owner,2023-03-14 15:33:51
ROLE652,USR652,UMKM652,owner,2021-03-19 07:23:27
ROLE653,USR653,UMKM653,owner,2022-02-04 03:55:52
ROLE655,USR655,UMKM655,owner,2022-09-23 07:18:20
ROLE656,USR656,UMKM656,owner,2023-07-05 12:40:27
ROLE657,USR657,UMKM657,owner,2021-11-16 05:33:00
ROLE659,USR659,UMKM659,owner,2023-07-01 12:48:13
ROLE662,USR662,UMKM662,owner,2023-10-25 12:42:16
ROLE663,USR663,UMKM663,owner,2021-05-31 07:24:47
ROLE665,USR665,UMKM665,owner,2022-09-08 04:35:43
ROLE666,USR666,UMKM666,owner,2022-06-24 10:58:17
ROLE667,USR667,UMKM667,owner,2021-02-25 11:42:52
ROLE668,USR668,UMKM668,owner,2021-04-20 00:55:21
ROLE669,USR669,UMKM669,owner,2022-01-06 14:58:03
ROLE670,USR670,UMKM670,owner,2023-05-10 01:27:20
ROLE671,USR671,UMKM671,owner,2021-12-15 21:10:24
ROLE672,USR672,UMKM672,owner,2021-10-26 20:47:14
ROLE673,USR673,UMKM673,owner,2022-07-16 09:00:16
ROLE674,USR674,UMKM674,owner,2023-06-15 20:01:36
ROLE675,USR675,UMKM675,owner,2023-02-28 16:08:32
ROLE676,USR676,UMKM676,owner,2022-01-03 09:14:38
ROLE678,USR678,UMKM678,owner,2022-05-28 16:55:55
ROLE679,USR679,UMKM679,owner,2021-07-22 07:51:09
ROLE680,USR680,UMKM680,owner,2023-10-31 14:39:06
ROLE681,USR681,UMKM681,owner,2021-10-02 16:17:13
ROLE682,USR682,UMKM682,owner,2023-11-02 11:36:40
ROLE683,USR683,UMKM683,owner,2023-08-16 08:44:45
ROLE684,USR684,UMKM684,owner,2022-09-01 19:30:55
ROLE686,USR686,UMKM686,owner,2023-06-03 14:08:26
ROLE687,USR687,UMKM687,owner,2023-08-31 18:56:29
ROLE688,USR688,UMKM688,owner,2022-06-06 11:30:13
ROLE690,USR690,UMKM690,owner,2022-06-29 14:31:50
ROLE691,USR691,UMKM691,owner,2022-03-04 17:38:05
ROLE692,USR692,UMKM692,owner,2022-11-09 22:46:22
ROLE693,USR693,UMKM693,owner,2022-07-09 15:13:49
ROLE695,USR695,UMKM695,owner,2021-03-01 22:10:08
ROLE696,USR696,UMKM696,owner,2021-09-27 06:52:53
ROLE697,USR697,UMKM697,owner,2021-06-23 15:17:39
ROLE698,USR698,UMKM698,owner,2021-03-13 03:45:37
ROLE699,USR699,UMKM699,owner,2021-09-29 01:42:12
ROLE700,USR700,UMKM700,owner,2023-12-31 01:59:37
ROLE701,USR701,UMKM701,owner,2022-03-27 08:21:27
ROLE702,USR702,UMKM702,owner,2023-02-28 16:25:42
ROLE703,USR703,UMKM703,owner,2023-11-16 09:59:10
ROLE705,USR705,UMKM705,owner,2022-09-22 11:34:24
ROLE706,USR706,UMKM706,owner,2023-05-22 06:48:19
ROLE707,USR707,UMKM707,owner,2022-12-04 12:29:24
ROLE708,USR708,UMKM708,owner,2022-02-24 05:04:00
ROLE710,USR710,UMKM710,owner,2023-07-26 02:56:43
ROLE712,USR712,UMKM712,owner,2022-01-09 01:32:16
ROLE713,USR713,UMKM713,owner,2021-03-13 22:50:19
ROLE714,USR714,UMKM714,owner,2023-09-19 13:59:28
ROLE715,USR715,UMKM715,owner,2021-10-04 17:01:17
ROLE716,USR716,UMKM716,owner,2021-05-20 17:54:24
ROLE717,USR717,UMKM717,owner,2023-07-25 09:32:04
ROLE718,USR718,UMKM718,owner,2021-06-12 05:09:05
ROLE719,USR719,UMKM719,owner,2023-04-18 07:34:46
ROLE720,USR720,UMKM720,owner,2023-04-17 19:28:25
ROLE721,USR721,UMKM721,owner,2023-07-28 08:35:23
ROLE722,USR722,UMKM722,owner,2023-05-29 02:44:15
ROLE723,USR723,UMKM723,owner,2022-06-20 04:44:19
ROLE725,USR725,UMKM725,owner,2023-12-22 15:24:35
ROLE726,USR726,UMKM726,owner,2023-12-28 16:54:07
ROLE727,USR727,UMKM727,owner,2022-08-08 14:27:44
ROLE728,USR728,UMKM728,owner,2023-02-17 17:02:33
ROLE729,USR729,UMKM729,owner,2021-08-27 18:30:19
ROLE730,USR730,UMKM730,owner,2022-02-24 12:48:17
ROLE731,USR731,UMKM731,owner,2021-12-03 09:21:32
ROLE732,USR732,UMKM732,owner,2022-08-30 20:38:58
ROLE733,USR733,UMKM733,owner,2023-03-17 06:53:50
ROLE734,USR734,UMKM734,owner,2021-02-22 23:26:56
ROLE735,USR735,UMKM735,owner,2022-02-05 14:18:16
ROLE736,USR736,UMKM736,owner,2022-03-13 14:46:17
ROLE738,USR738,UMKM738,owner,2023-02-02 06:30:36
ROLE739,USR739,UMKM739,owner,2022-02-13 20:13:27
ROLE741,USR741,UMKM741,owner,2023-10-06 16:15:18
ROLE742,USR742,UMKM742,owner,2021-02-14 04:36:21
ROLE744,USR744,UMKM744,owner,2022-05-18 13:01:46
ROLE745,USR745,UMKM745,owner,2022-08-22 20:32:19
ROLE746,USR746,UMKM746,owner,2023-12-08 00:11:09
ROLE747,USR747,UMKM747,owner,2023-03-12 15:24:48
ROLE748,USR748,UMKM748,owner,2023-07-24 10:02:41
ROLE749,USR749,UMKM749,owner,2022-07-04 10:21:47
ROLE750,USR750,UMKM750,owner,2023-11-08 01:02:49
ROLE751,USR605,UMKM1868,owner,2022-01-30 19:44:55
ROLE752,USR139,UMKM2148,owner,2021-10-30 13:56:40
ROLE753,USR571,UMKM2340,owner,2021-12-05 12:22:01
ROLE754,USR449,UMKM2564,owner,2023-11-07 06:27:01
ROLE755,USR348,UMKM2000,owner,2021-07-12 23:02:53
ROLE756,USR596,UMKM2505,owner,2021-07-27 20:44:04
ROLE757,USR692,UMKM2088,owner,2022-11-09 22:28:22
ROLE758,USR223,UMKM1891,owner,2022-10-25 12:39:58
ROLE759,USR174,UMKM2737,owner,2022-04-27 09:43:15
ROLE760,USR496,UMKM1784,owner,2023-10-18 20:48:04
ROLE761,USR746,UMKM2323,owner,2023-12-08 00:22:09
ROLE762,USR444,UMKM2606,owner,2021-03-31 08:51:34
ROLE765,USR084,UMKM2504,owner,2023-04-02 02:00:52
ROLE775,USR2405,UMKM311,owner,2021-06-20 09:15:46
ROLE779,USR2540,UMKM606,owner,2021-05-23 09:00:09
ROLE802,USR2405,UMKM661,owner,2022-11-30 04:33:40
ROLE815,USR2233,UMKM474,owner,2022-03-28 19:43:42
ROLE845,USR2088,UMKM106,owner,2023-11-10 02:57:57
ROLE849,USR2265,UMKM087,owner,2021-12-03 18:24:07
ROLE879,USR2540,UMKM382,owner,2023-01-19 14:10:58
ROLE895,USR2088,UMKM2280,owner,2021-10-15 11:57:16
ROLE908,USR2048,UMKM572,owner,2023-05-11 04:38:50
ROLE913,USR2659,UMKM396,owner,2023-08-02 00:56:10
ROLE936,USR2265,UMKM359,owner,2022-06-26 12:54:53
ROLE1000,USR1794,UMKM743,owner,2023-11-10 06:43:39
ROLE1003,USR2242,UMKM553,owner,2023-12-15 17:11:46
ROLE1009,USR2129,UMKM633,owner,2022-04-19 11:12:10
ROLE1043,USR2659,UMKM626,owner,2021-03-08 01:29:57
ROLE1092,USR1863,UMKM257,owner,2023-11-07 01:13:03
ROLE1095,USR2265,UMKM704,owner,2023-10-12 15:48:20
ROLE1097,USR2618,UMKM493,owner,2024-01-21 11:15:14
ROLE1114,USR2540,UMKM737,owner,2021-08-11 12:27:53
ROLE1214,USR1863,UMKM065,owner,2021-10-04 13:11:57
ROLE1220,USR2405,UMKM528,owner,2021-12-24 21:14:31
ROLE1233,USR2540,UMKM362,owner,2023-04-21 15:57:51
